;source;target;type;value;label
0;8;34;same_baseliens;6.0;['spgreedy', 'efgreedy', 'greedyvar']
1;8;37;same_baseliens;1.25;['greedyvar']
2;8;41;same_baseliens;6.0;['spgreedy', 'efgreedy', 'greedyvar']
3;8;54;same_baseliens;1.25;['spgreedy']
4;8;55;same_baseliens;1.4285714285714284;['spgreedy']
5;8;79;same_baseliens;1.0;['spgreedy']
6;8;87;same_baseliens;5.0;['spgreedy', 'efgreedy', 'greedyvar']
7;8;88;same_baseliens;1.1111111111111112;['spgreedy']
8;8;117;same_baseliens;1.8181818181818183;['efgreedy', 'greedyvar']
9;8;121;same_baseliens;7.5;['spgreedy', 'efgreedy', 'greedyvar']
10;10;15;same_baseliens;1.25;['com']
11;10;27;same_baseliens;2.0;['com']
12;10;29;same_baseliens;2.5;['com']
13;10;32;same_baseliens;3.333333333333333;['com']
14;10;33;same_baseliens;2.5;['com']
15;10;53;same_baseliens;3.333333333333333;['com']
16;10;73;same_baseliens;3.333333333333333;['com']
17;10;75;same_baseliens;1.6666666666666665;['com']
18;10;77;same_baseliens;1.6666666666666665;['com']
19;10;78;same_baseliens;1.6666666666666665;['com']
20;10;82;same_baseliens;1.25;['com']
21;10;91;same_baseliens;2.0;['com']
22;10;96;same_baseliens;1.6666666666666665;['com']
23;10;97;same_baseliens;3.333333333333333;['com']
24;10;98;same_baseliens;2.5;['com']
25;10;100;same_baseliens;1.4285714285714284;['com']
26;10;104;same_baseliens;2.0;['com']
27;10;117;same_baseliens;1.1111111111111112;['com']
28;10;122;same_baseliens;3.333333333333333;['com']
29;10;124;same_baseliens;5.0;['com']
30;10;125;same_baseliens;3.333333333333333;['com']
31;10;136;same_baseliens;5.0;['com']
32;14;15;same_baseliens;1.8181818181818183;['game', 'agree']
33;14;27;same_baseliens;2.5;['mosan', 'agree']
34;14;29;same_baseliens;2.8571428571428568;['mosan', 'agree']
35;14;31;same_baseliens;1.6666666666666665;['agree']
36;14;53;same_baseliens;3.333333333333333;['agree', 'mosan']
37;14;60;same_baseliens;2.8571428571428568;['groupim', 'agree']
38;14;69;same_baseliens;1.4285714285714284;['game']
39;14;70;same_baseliens;8.0;['game', 'kgag', 'agree', 'mosan']
40;14;71;same_baseliens;4.285714285714286;['agree', 'groupim', 'mosan']
41;14;73;same_baseliens;1.4285714285714284;['agree']
42;14;75;same_baseliens;3.75;['agree', 'groupim', 'mosan']
43;14;77;same_baseliens;2.2222222222222223;['game', 'agree']
44;14;78;same_baseliens;3.75;['agree', 'game', 'mosan']
45;14;81;same_baseliens;1.6666666666666665;['agree']
46;14;82;same_baseliens;1.8181818181818183;['groupim', 'agree']
47;14;83;same_baseliens;2.8571428571428568;['groupim', 'agree']
48;14;84;same_baseliens;3.75;['agree', 'groupim', 'mosan']
49;14;86;same_baseliens;2.0;['mosan']
50;14;89;same_baseliens;1.6666666666666665;['agree']
51;14;91;same_baseliens;1.1111111111111112;['agree']
52;14;94;same_baseliens;4.444444444444445;['agree', 'game', 'groupim', 'mosan']
53;14;96;same_baseliens;2.2222222222222223;['agree', 'mosan']
54;14;97;same_baseliens;1.4285714285714284;['mosan']
55;14;98;same_baseliens;1.25;['mosan']
56;14;100;same_baseliens;2.0;['game', 'agree']
57;14;103;same_baseliens;3.333333333333333;['mosan', 'agree']
58;14;104;same_baseliens;2.5;['agree', 'mosan']
59;14;105;same_baseliens;3.333333333333333;['agree', 'mosan']
60;14;108;same_baseliens;1.25;['agree']
61;14;127;same_baseliens;2.0;['agree']
62;14;128;same_baseliens;3.333333333333333;['mosan', 'agree']
63;15;27;same_baseliens;3.0;['soagree', 'com', 'agree']
64;15;29;same_baseliens;2.0;['com', 'agree']
65;15;31;same_baseliens;2.5;['pit', 'agree']
66;15;32;same_baseliens;2.2222222222222223;['com', 'popularity']
67;15;33;same_baseliens;0.9090909090909092;['com']
68;15;53;same_baseliens;2.2222222222222223;['com', 'agree']
69;15;60;same_baseliens;0.9090909090909092;['agree']
70;15;69;same_baseliens;1.0;['game']
71;15;70;same_baseliens;2.0;['game', 'agree']
72;15;71;same_baseliens;1.8181818181818183;['sigr', 'agree']
73;15;73;same_baseliens;3.75;['popularity', 'com', 'agree']
74;15;75;same_baseliens;2.727272727272727;['soagree', 'com', 'agree']
75;15;77;same_baseliens;7.5;['agree', 'groupsa', 'game', 'sigr', 'popularity', 'com']
76;15;78;same_baseliens;2.727272727272727;['game', 'com', 'agree']
77;15;81;same_baseliens;2.5;['popularity', 'agree']
78;15;82;same_baseliens;6.0;['agree', 'groupsa', 'sigr', 'pit', 'popularity', 'com']
79;15;83;same_baseliens;2.0;['sigr', 'agree']
80;15;84;same_baseliens;2.727272727272727;['popularity', 'sigr', 'agree']
81;15;89;same_baseliens;1.1111111111111112;['agree']
82;15;91;same_baseliens;4.444444444444445;['soagree', 'popularity', 'com', 'agree']
83;15;94;same_baseliens;2.307692307692308;['game', 'sigr', 'agree']
84;15;96;same_baseliens;4.0;['soagree', 'popularity', 'com', 'agree']
85;15;97;same_baseliens;2.2222222222222223;['com', 'pit']
86;15;98;same_baseliens;0.9090909090909092;['com']
87;15;100;same_baseliens;5.0;['agree', 'game', 'pit', 'soagree', 'com']
88;15;103;same_baseliens;1.0;['agree']
89;15;104;same_baseliens;3.0;['popularity', 'com', 'agree']
90;15;105;same_baseliens;2.2222222222222223;['popularity', 'agree']
91;15;108;same_baseliens;3.333333333333333;['popularity', 'sigr', 'agree']
92;15;111;same_baseliens;2.0;['groupsa', 'sigr']
93;15;117;same_baseliens;0.625;['com']
94;15;122;same_baseliens;2.2222222222222223;['com', 'pit']
95;15;124;same_baseliens;1.1111111111111112;['com']
96;15;125;same_baseliens;1.0;['com']
97;15;127;same_baseliens;1.25;['agree']
98;15;128;same_baseliens;1.0;['agree']
99;15;136;same_baseliens;1.1111111111111112;['com']
100;16;68;same_baseliens;10.0;['profile-aggregation']
101;16;89;same_baseliens;5.0;['profile-aggregation']
102;16;102;same_baseliens;10.0;['profile-aggregation']
103;16;113;same_baseliens;5.0;['profile-aggregation']
104;16;120;same_baseliens;5.0;['profile-aggregation']
105;16;122;same_baseliens;3.333333333333333;['profile-aggregation']
106;27;29;same_baseliens;8.0;['mosan', 'dpmf-cnn', 'com', 'agree']
107;27;31;same_baseliens;1.6666666666666665;['agree']
108;27;32;same_baseliens;1.4285714285714284;['com']
109;27;33;same_baseliens;1.25;['com']
110;27;53;same_baseliens;6.0;['agree', 'com', 'mosan']
111;27;60;same_baseliens;1.25;['agree']
112;27;70;same_baseliens;2.8571428571428568;['agree', 'mosan']
113;27;71;same_baseliens;2.5;['agree', 'mosan']
114;27;73;same_baseliens;3.333333333333333;['com', 'agree']
115;27;75;same_baseliens;5.7142857142857135;['mosan', 'soagree', 'com', 'agree']
116;27;77;same_baseliens;2.2222222222222223;['com', 'agree']
117;27;78;same_baseliens;3.75;['mosan', 'com', 'agree']
118;27;81;same_baseliens;1.6666666666666665;['agree']
119;27;82;same_baseliens;1.8181818181818183;['com', 'agree']
120;27;83;same_baseliens;1.25;['agree']
121;27;84;same_baseliens;2.2222222222222223;['mosan', 'agree']
122;27;86;same_baseliens;2.0;['mosan']
123;27;89;same_baseliens;1.6666666666666665;['agree']
124;27;91;same_baseliens;4.285714285714286;['soagree', 'com', 'agree']
125;27;94;same_baseliens;1.8181818181818183;['mosan', 'agree']
126;27;96;same_baseliens;5.7142857142857135;['mosan', 'soagree', 'com', 'agree']
127;27;97;same_baseliens;3.333333333333333;['com', 'mosan']
128;27;98;same_baseliens;2.8571428571428568;['com', 'mosan']
129;27;100;same_baseliens;3.333333333333333;['soagree', 'com', 'agree']
130;27;103;same_baseliens;3.333333333333333;['mosan', 'agree']
131;27;104;same_baseliens;4.285714285714286;['agree', 'com', 'mosan']
132;27;105;same_baseliens;3.333333333333333;['agree', 'mosan']
133;27;108;same_baseliens;1.25;['agree']
134;27;117;same_baseliens;0.7692307692307693;['com']
135;27;122;same_baseliens;1.4285714285714284;['com']
136;27;124;same_baseliens;1.6666666666666665;['com']
137;27;125;same_baseliens;1.4285714285714284;['com']
138;27;127;same_baseliens;2.0;['agree']
139;27;128;same_baseliens;3.333333333333333;['mosan', 'agree']
140;27;136;same_baseliens;1.6666666666666665;['com']
141;29;31;same_baseliens;2.0;['agree']
142;29;32;same_baseliens;1.6666666666666665;['com']
143;29;33;same_baseliens;1.4285714285714284;['com']
144;29;53;same_baseliens;7.5;['agree', 'com', 'mosan']
145;29;60;same_baseliens;1.4285714285714284;['agree']
146;29;70;same_baseliens;3.333333333333333;['agree', 'mosan']
147;29;71;same_baseliens;2.8571428571428568;['mosan', 'agree']
148;29;73;same_baseliens;4.0;['com', 'agree']
149;29;75;same_baseliens;4.285714285714286;['mosan', 'com', 'agree']
150;29;77;same_baseliens;2.5;['com', 'agree']
151;29;78;same_baseliens;4.285714285714286;['mosan', 'com', 'agree']
152;29;81;same_baseliens;2.0;['agree']
153;29;82;same_baseliens;2.0;['com', 'agree']
154;29;83;same_baseliens;1.4285714285714284;['agree']
155;29;84;same_baseliens;2.5;['mosan', 'agree']
156;29;86;same_baseliens;2.5;['mosan']
157;29;89;same_baseliens;2.0;['agree']
158;29;91;same_baseliens;2.8571428571428568;['com', 'agree']
159;29;94;same_baseliens;2.0;['mosan', 'agree']
160;29;96;same_baseliens;4.285714285714286;['mosan', 'com', 'agree']
161;29;97;same_baseliens;4.0;['com', 'mosan']
162;29;98;same_baseliens;3.333333333333333;['com', 'mosan']
163;29;100;same_baseliens;2.2222222222222223;['com', 'agree']
164;29;103;same_baseliens;4.0;['mosan', 'agree']
165;29;104;same_baseliens;5.0;['mosan', 'com', 'agree']
166;29;105;same_baseliens;4.0;['agree', 'mosan']
167;29;108;same_baseliens;1.4285714285714284;['agree']
168;29;117;same_baseliens;0.8333333333333333;['com']
169;29;122;same_baseliens;1.6666666666666665;['com']
170;29;124;same_baseliens;2.0;['com']
171;29;125;same_baseliens;1.6666666666666665;['com']
172;29;127;same_baseliens;2.5;['agree']
173;29;128;same_baseliens;4.0;['mosan', 'agree']
174;29;136;same_baseliens;2.0;['com']
175;31;53;same_baseliens;2.5;['agree']
176;31;60;same_baseliens;2.0;['agree']
177;31;70;same_baseliens;2.0;['agree']
178;31;71;same_baseliens;1.6666666666666665;['agree']
179;31;73;same_baseliens;2.5;['agree']
180;31;75;same_baseliens;1.4285714285714284;['agree']
181;31;77;same_baseliens;1.4285714285714284;['agree']
182;31;78;same_baseliens;1.4285714285714284;['agree']
183;31;81;same_baseliens;3.333333333333333;['agree']
184;31;82;same_baseliens;2.5;['pit', 'agree']
185;31;83;same_baseliens;2.0;['agree']
186;31;84;same_baseliens;1.4285714285714284;['agree']
187;31;89;same_baseliens;3.333333333333333;['agree']
188;31;91;same_baseliens;1.6666666666666665;['agree']
189;31;94;same_baseliens;1.1111111111111112;['agree']
190;31;96;same_baseliens;1.4285714285714284;['agree']
191;31;97;same_baseliens;2.5;['pit']
192;31;100;same_baseliens;2.8571428571428568;['pit', 'agree']
193;31;103;same_baseliens;2.5;['agree']
194;31;104;same_baseliens;1.6666666666666665;['agree']
195;31;105;same_baseliens;2.5;['agree']
196;31;108;same_baseliens;2.0;['agree']
197;31;122;same_baseliens;2.5;['pit']
198;31;127;same_baseliens;5.0;['agree']
199;31;128;same_baseliens;2.5;['agree']
200;32;33;same_baseliens;1.6666666666666665;['com']
201;32;53;same_baseliens;2.0;['com']
202;32;65;same_baseliens;1.6666666666666665;['indivrs-groups-data']
203;32;66;same_baseliens;3.333333333333333;['indivrs-groups-data']
204;32;69;same_baseliens;2.0;['indivrs-groups-data']
205;32;73;same_baseliens;5.0;['com', 'popularity']
206;32;75;same_baseliens;2.8571428571428568;['indivrs-groups-data', 'com']
207;32;77;same_baseliens;2.8571428571428568;['com', 'popularity']
208;32;78;same_baseliens;2.8571428571428568;['indivrs-groups-data', 'com']
209;32;81;same_baseliens;2.5;['popularity']
210;32;82;same_baseliens;3.75;['indivrs-groups-data', 'com', 'popularity']
211;32;84;same_baseliens;2.8571428571428568;['indivrs-groups-data', 'popularity']
212;32;91;same_baseliens;6.0;['indivrs-groups-data', 'com', 'popularity']
213;32;96;same_baseliens;5.0;['indivrs-groups-data', 'com', 'popularity']
214;32;97;same_baseliens;2.0;['com']
215;32;98;same_baseliens;1.6666666666666665;['com']
216;32;100;same_baseliens;1.1111111111111112;['com']
217;32;104;same_baseliens;3.333333333333333;['com', 'popularity']
218;32;105;same_baseliens;2.0;['popularity']
219;32;108;same_baseliens;4.0;['indivrs-groups-data', 'popularity']
220;32;117;same_baseliens;0.9090909090909092;['com']
221;32;122;same_baseliens;2.0;['com']
222;32;124;same_baseliens;2.5;['com']
223;32;125;same_baseliens;2.0;['com']
224;32;128;same_baseliens;2.0;['indivrs-groups-data']
225;32;136;same_baseliens;2.5;['com']
226;33;53;same_baseliens;1.6666666666666665;['com']
227;33;73;same_baseliens;1.6666666666666665;['com']
228;33;75;same_baseliens;1.1111111111111112;['com']
229;33;77;same_baseliens;1.1111111111111112;['com']
230;33;78;same_baseliens;1.1111111111111112;['com']
231;33;82;same_baseliens;0.9090909090909092;['com']
232;33;91;same_baseliens;1.25;['com']
233;33;93;same_baseliens;2.0;['rp80']
234;33;96;same_baseliens;1.1111111111111112;['com']
235;33;97;same_baseliens;1.6666666666666665;['com']
236;33;98;same_baseliens;1.4285714285714284;['com']
237;33;100;same_baseliens;1.0;['com']
238;33;104;same_baseliens;1.25;['com']
239;33;117;same_baseliens;0.8333333333333333;['com']
240;33;122;same_baseliens;1.6666666666666665;['com']
241;33;124;same_baseliens;2.0;['com']
242;33;125;same_baseliens;1.6666666666666665;['com']
243;33;136;same_baseliens;2.0;['com']
244;34;37;same_baseliens;1.25;['greedyvar']
245;34;41;same_baseliens;6.0;['spgreedy', 'efgreedy', 'greedyvar']
246;34;54;same_baseliens;2.8571428571428568;['spgreedy', 'greedylm']
247;34;55;same_baseliens;3.333333333333333;['spgreedy', 'greedylm']
248;34;61;same_baseliens;1.4285714285714284;['greedylm']
249;34;79;same_baseliens;2.2222222222222223;['spgreedy', 'greedylm']
250;34;87;same_baseliens;8.0;['efgreedy', 'spgreedy', 'greedylm', 'greedyvar']
251;34;88;same_baseliens;2.5;['spgreedy', 'greedylm']
252;34;93;same_baseliens;2.0;['greedylm']
253;34;117;same_baseliens;3.0;['efgreedy', 'greedylm', 'greedyvar']
254;34;121;same_baseliens;7.5;['spgreedy', 'efgreedy', 'greedyvar']
255;37;41;same_baseliens;1.25;['greedyvar']
256;37;87;same_baseliens;1.1111111111111112;['greedyvar']
257;37;92;same_baseliens;3.75;['grod', 'mc-gr', 'pr-grs']
258;37;117;same_baseliens;0.7692307692307693;['greedyvar']
259;37;121;same_baseliens;1.4285714285714284;['greedyvar']
260;41;54;same_baseliens;2.8571428571428568;['spgreedy', 'gfar']
261;41;55;same_baseliens;1.4285714285714284;['spgreedy']
262;41;61;same_baseliens;1.4285714285714284;['gfar']
263;41;62;same_baseliens;1.4285714285714284;['gfar']
264;41;79;same_baseliens;2.2222222222222223;['spgreedy', 'gfar']
265;41;87;same_baseliens;8.0;['spgreedy', 'gfar', 'efgreedy', 'greedyvar']
266;41;88;same_baseliens;2.5;['spgreedy', 'gfar']
267;41;117;same_baseliens;1.8181818181818183;['efgreedy', 'greedyvar']
268;41;121;same_baseliens;7.5;['spgreedy', 'efgreedy', 'greedyvar']
269;53;60;same_baseliens;1.6666666666666665;['agree']
270;53;70;same_baseliens;4.0;['agree', 'mosan']
271;53;71;same_baseliens;3.333333333333333;['agree', 'mosan']
272;53;73;same_baseliens;5.0;['com', 'agree']
273;53;75;same_baseliens;5.0;['agree', 'com', 'mosan']
274;53;77;same_baseliens;2.8571428571428568;['com', 'agree']
275;53;78;same_baseliens;5.0;['agree', 'com', 'mosan']
276;53;81;same_baseliens;2.5;['agree']
277;53;82;same_baseliens;2.2222222222222223;['com', 'agree']
278;53;83;same_baseliens;1.6666666666666665;['agree']
279;53;84;same_baseliens;2.8571428571428568;['agree', 'mosan']
280;53;86;same_baseliens;3.333333333333333;['mosan']
281;53;89;same_baseliens;2.5;['agree']
282;53;91;same_baseliens;3.333333333333333;['com', 'agree']
283;53;94;same_baseliens;2.2222222222222223;['agree', 'mosan']
284;53;96;same_baseliens;5.0;['agree', 'com', 'mosan']
285;53;97;same_baseliens;5.0;['com', 'mosan']
286;53;98;same_baseliens;4.0;['com', 'mosan']
287;53;100;same_baseliens;2.5;['com', 'agree']
288;53;103;same_baseliens;5.0;['mosan', 'agree']
289;53;104;same_baseliens;6.0;['agree', 'com', 'mosan']
290;53;105;same_baseliens;5.0;['agree', 'mosan']
291;53;108;same_baseliens;1.6666666666666665;['agree']
292;53;117;same_baseliens;0.9090909090909092;['com']
293;53;122;same_baseliens;2.0;['com']
294;53;124;same_baseliens;2.5;['com']
295;53;125;same_baseliens;2.0;['com']
296;53;127;same_baseliens;3.333333333333333;['agree']
297;53;128;same_baseliens;5.0;['mosan', 'agree']
298;53;136;same_baseliens;2.5;['com']
299;54;55;same_baseliens;5.0;['spgreedy', 'greedylm', 'xpo']
300;54;61;same_baseliens;2.8571428571428568;['gfar', 'greedylm']
301;54;62;same_baseliens;1.25;['gfar']
302;54;79;same_baseliens;7.142857142857143;['fuzzda', 'spgreedy', 'gfar', 'greedylm', 'xpo']
303;54;87;same_baseliens;4.285714285714286;['spgreedy', 'gfar', 'greedylm']
304;54;88;same_baseliens;8.333333333333334;['fuzzda', 'spgreedy', 'gfar', 'greedylm', 'xpo']
305;54;93;same_baseliens;1.6666666666666665;['greedylm']
306;54;117;same_baseliens;0.7692307692307693;['greedylm']
307;54;121;same_baseliens;1.4285714285714284;['spgreedy']
308;55;61;same_baseliens;3.333333333333333;['fai', 'greedylm']
309;55;79;same_baseliens;5.7142857142857135;['fai', 'spgreedy', 'greedylm', 'xpo']
310;55;87;same_baseliens;2.8571428571428568;['spgreedy', 'greedylm']
311;55;88;same_baseliens;4.285714285714286;['spgreedy', 'greedylm', 'xpo']
312;55;93;same_baseliens;2.0;['greedylm']
313;55;117;same_baseliens;0.8333333333333333;['greedylm']
314;55;120;same_baseliens;2.0;['fai']
315;55;121;same_baseliens;1.6666666666666665;['spgreedy']
316;60;70;same_baseliens;1.4285714285714284;['agree']
317;60;71;same_baseliens;2.8571428571428568;['groupim', 'agree']
318;60;73;same_baseliens;1.6666666666666665;['agree']
319;60;75;same_baseliens;2.5;['groupim', 'agree']
320;60;77;same_baseliens;1.1111111111111112;['agree']
321;60;78;same_baseliens;1.1111111111111112;['agree']
322;60;81;same_baseliens;2.0;['agree']
323;60;82;same_baseliens;2.0;['groupim', 'agree']
324;60;83;same_baseliens;3.333333333333333;['groupim', 'agree']
325;60;84;same_baseliens;2.5;['groupim', 'agree']
326;60;89;same_baseliens;2.0;['agree']
327;60;91;same_baseliens;1.25;['agree']
328;60;94;same_baseliens;5.0;['agree', 'graph-convolution', 'groupim', 'hhgr']
329;60;96;same_baseliens;1.1111111111111112;['agree']
330;60;100;same_baseliens;1.0;['agree']
331;60;103;same_baseliens;1.6666666666666665;['agree']
332;60;104;same_baseliens;1.25;['agree']
333;60;105;same_baseliens;1.6666666666666665;['agree']
334;60;108;same_baseliens;1.4285714285714284;['agree']
335;60;127;same_baseliens;2.5;['agree']
336;60;128;same_baseliens;1.6666666666666665;['agree']
337;61;62;same_baseliens;1.4285714285714284;['gfar']
338;61;79;same_baseliens;5.7142857142857135;['fai', 'gfar', 'greedylm', 'ep-fuzzda']
339;61;87;same_baseliens;2.8571428571428568;['gfar', 'greedylm']
340;61;88;same_baseliens;4.285714285714286;['gfar', 'greedylm', 'ep-fuzzda']
341;61;93;same_baseliens;2.0;['greedylm']
342;61;117;same_baseliens;0.8333333333333333;['greedylm']
343;61;120;same_baseliens;2.0;['fai']
344;62;79;same_baseliens;1.0;['gfar']
345;62;87;same_baseliens;1.25;['gfar']
346;62;88;same_baseliens;1.1111111111111112;['gfar']
347;65;66;same_baseliens;2.5;['indivrs-groups-data']
348;65;69;same_baseliens;1.6666666666666665;['indivrs-groups-data']
349;65;75;same_baseliens;1.1111111111111112;['indivrs-groups-data']
350;65;78;same_baseliens;1.1111111111111112;['indivrs-groups-data']
351;65;82;same_baseliens;0.9090909090909092;['indivrs-groups-data']
352;65;84;same_baseliens;1.1111111111111112;['indivrs-groups-data']
353;65;91;same_baseliens;1.25;['indivrs-groups-data']
354;65;95;same_baseliens;5.0;['infl_cmean', 'infl']
355;65;96;same_baseliens;1.1111111111111112;['indivrs-groups-data']
356;65;99;same_baseliens;2.5;['infl']
357;65;108;same_baseliens;1.4285714285714284;['indivrs-groups-data']
358;65;128;same_baseliens;1.6666666666666665;['indivrs-groups-data']
359;66;69;same_baseliens;3.333333333333333;['indivrs-groups-data']
360;66;75;same_baseliens;1.6666666666666665;['indivrs-groups-data']
361;66;78;same_baseliens;1.6666666666666665;['indivrs-groups-data']
362;66;82;same_baseliens;1.25;['indivrs-groups-data']
363;66;84;same_baseliens;1.6666666666666665;['indivrs-groups-data']
364;66;91;same_baseliens;2.0;['indivrs-groups-data']
365;66;96;same_baseliens;1.6666666666666665;['indivrs-groups-data']
366;66;108;same_baseliens;2.5;['indivrs-groups-data']
367;66;128;same_baseliens;3.333333333333333;['indivrs-groups-data']
368;68;89;same_baseliens;5.0;['profile-aggregation']
369;68;102;same_baseliens;10.0;['profile-aggregation']
370;68;113;same_baseliens;5.0;['profile-aggregation']
371;68;120;same_baseliens;5.0;['profile-aggregation']
372;68;122;same_baseliens;3.333333333333333;['profile-aggregation']
373;69;70;same_baseliens;1.6666666666666665;['game']
374;69;75;same_baseliens;1.25;['indivrs-groups-data']
375;69;77;same_baseliens;1.25;['game']
376;69;78;same_baseliens;2.8571428571428568;['indivrs-groups-data', 'game']
377;69;82;same_baseliens;1.0;['indivrs-groups-data']
378;69;84;same_baseliens;1.25;['indivrs-groups-data']
379;69;91;same_baseliens;1.4285714285714284;['indivrs-groups-data']
380;69;94;same_baseliens;1.0;['game']
381;69;96;same_baseliens;1.25;['indivrs-groups-data']
382;69;100;same_baseliens;1.1111111111111112;['game']
383;69;103;same_baseliens;2.0;['gradi']
384;69;108;same_baseliens;1.6666666666666665;['indivrs-groups-data']
385;69;128;same_baseliens;2.0;['indivrs-groups-data']
386;70;71;same_baseliens;2.8571428571428568;['agree', 'mosan']
387;70;73;same_baseliens;1.6666666666666665;['agree']
388;70;75;same_baseliens;2.5;['agree', 'mosan']
389;70;77;same_baseliens;2.5;['game', 'agree']
390;70;78;same_baseliens;4.285714285714286;['game', 'agree', 'mosan']
391;70;81;same_baseliens;2.0;['agree']
392;70;82;same_baseliens;0.9090909090909092;['agree']
393;70;83;same_baseliens;1.4285714285714284;['agree']
394;70;84;same_baseliens;2.5;['agree', 'mosan']
395;70;86;same_baseliens;2.5;['mosan']
396;70;89;same_baseliens;2.0;['agree']
397;70;91;same_baseliens;1.25;['agree']
398;70;94;same_baseliens;3.333333333333333;['game', 'agree', 'mosan']
399;70;96;same_baseliens;2.5;['agree', 'mosan']
400;70;97;same_baseliens;1.6666666666666665;['mosan']
401;70;98;same_baseliens;1.4285714285714284;['mosan']
402;70;100;same_baseliens;2.2222222222222223;['game', 'agree']
403;70;103;same_baseliens;4.0;['mosan', 'agree']
404;70;104;same_baseliens;2.8571428571428568;['agree', 'mosan']
405;70;105;same_baseliens;4.0;['agree', 'mosan']
406;70;108;same_baseliens;1.4285714285714284;['agree']
407;70;127;same_baseliens;2.5;['agree']
408;70;128;same_baseliens;4.0;['mosan', 'agree']
409;71;73;same_baseliens;1.4285714285714284;['agree']
410;71;75;same_baseliens;3.75;['agree', 'groupim', 'mosan']
411;71;77;same_baseliens;2.2222222222222223;['sigr', 'agree']
412;71;78;same_baseliens;2.2222222222222223;['agree', 'mosan']
413;71;81;same_baseliens;1.6666666666666665;['agree']
414;71;82;same_baseliens;3.0;['sigr', 'groupim', 'agree']
415;71;83;same_baseliens;5.0;['sigr', 'groupim', 'agree']
416;71;84;same_baseliens;5.7142857142857135;['agree', 'sigr', 'groupim', 'mosan']
417;71;86;same_baseliens;2.0;['mosan']
418;71;89;same_baseliens;1.6666666666666665;['agree']
419;71;91;same_baseliens;1.1111111111111112;['agree']
420;71;94;same_baseliens;4.444444444444445;['agree', 'sigr', 'groupim', 'mosan']
421;71;96;same_baseliens;2.2222222222222223;['agree', 'mosan']
422;71;97;same_baseliens;1.4285714285714284;['mosan']
423;71;98;same_baseliens;1.25;['mosan']
424;71;100;same_baseliens;0.9090909090909092;['agree']
425;71;103;same_baseliens;3.333333333333333;['mosan', 'agree']
426;71;104;same_baseliens;2.5;['agree', 'mosan']
427;71;105;same_baseliens;3.333333333333333;['agree', 'mosan']
428;71;108;same_baseliens;2.8571428571428568;['sigr', 'agree']
429;71;111;same_baseliens;2.8571428571428568;['sa-ncf', 'sigr']
430;71;127;same_baseliens;2.0;['agree']
431;71;128;same_baseliens;3.333333333333333;['mosan', 'agree']
432;73;75;same_baseliens;2.8571428571428568;['com', 'agree']
433;73;77;same_baseliens;5.0;['popularity', 'com', 'agree']
434;73;78;same_baseliens;2.8571428571428568;['com', 'agree']
435;73;81;same_baseliens;6.666666666666666;['popularity', 'agree']
436;73;82;same_baseliens;3.75;['popularity', 'com', 'agree']
437;73;83;same_baseliens;1.6666666666666665;['agree']
438;73;84;same_baseliens;2.8571428571428568;['popularity', 'agree']
439;73;89;same_baseliens;2.5;['agree']
440;73;91;same_baseliens;6.0;['popularity', 'com', 'agree']
441;73;94;same_baseliens;1.0;['agree']
442;73;96;same_baseliens;5.0;['popularity', 'com', 'agree']
443;73;97;same_baseliens;2.0;['com']
444;73;98;same_baseliens;1.6666666666666665;['com']
445;73;100;same_baseliens;2.5;['com', 'agree']
446;73;103;same_baseliens;2.0;['agree']
447;73;104;same_baseliens;6.0;['popularity', 'com', 'agree']
448;73;105;same_baseliens;5.0;['popularity', 'agree']
449;73;108;same_baseliens;4.0;['popularity', 'agree']
450;73;117;same_baseliens;0.9090909090909092;['com']
451;73;122;same_baseliens;2.0;['com']
452;73;124;same_baseliens;2.5;['com']
453;73;125;same_baseliens;2.0;['com']
454;73;127;same_baseliens;3.333333333333333;['agree']
455;73;128;same_baseliens;2.0;['agree']
456;73;136;same_baseliens;2.5;['com']
457;75;77;same_baseliens;2.0;['com', 'agree']
458;75;78;same_baseliens;5.0;['indivrs-groups-data', 'agree', 'com', 'mosan']
459;75;81;same_baseliens;1.4285714285714284;['agree']
460;75;82;same_baseliens;4.0;['indivrs-groups-data', 'com', 'groupim', 'agree']
461;75;83;same_baseliens;2.5;['groupim', 'agree']
462;75;84;same_baseliens;5.0;['indivrs-groups-data', 'agree', 'groupim', 'mosan']
463;75;86;same_baseliens;1.6666666666666665;['mosan']
464;75;89;same_baseliens;1.4285714285714284;['agree']
465;75;91;same_baseliens;5.7142857142857135;['indivrs-groups-data', 'soagree', 'com', 'agree']
466;75;94;same_baseliens;2.727272727272727;['agree', 'groupim', 'mosan']
467;75;96;same_baseliens;7.142857142857143;['indivrs-groups-data', 'agree', 'mosan', 'soagree', 'com']
468;75;97;same_baseliens;2.8571428571428568;['com', 'mosan']
469;75;98;same_baseliens;2.5;['com', 'mosan']
470;75;100;same_baseliens;3.0;['soagree', 'com', 'agree']
471;75;103;same_baseliens;2.8571428571428568;['mosan', 'agree']
472;75;104;same_baseliens;3.75;['agree', 'com', 'mosan']
473;75;105;same_baseliens;2.8571428571428568;['agree', 'mosan']
474;75;108;same_baseliens;2.5;['indivrs-groups-data', 'agree']
475;75;117;same_baseliens;0.7142857142857142;['com']
476;75;122;same_baseliens;1.25;['com']
477;75;124;same_baseliens;1.4285714285714284;['com']
478;75;125;same_baseliens;1.25;['com']
479;75;127;same_baseliens;1.6666666666666665;['agree']
480;75;128;same_baseliens;5.0;['indivrs-groups-data', 'mosan', 'agree']
481;75;136;same_baseliens;1.4285714285714284;['com']
482;77;78;same_baseliens;3.333333333333333;['game', 'com', 'agree']
483;77;81;same_baseliens;3.333333333333333;['popularity', 'agree']
484;77;82;same_baseliens;5.555555555555555;['agree', 'groupsa', 'sigr', 'popularity', 'com']
485;77;83;same_baseliens;2.5;['sigr', 'agree']
486;77;84;same_baseliens;3.333333333333333;['popularity', 'sigr', 'agree']
487;77;89;same_baseliens;1.4285714285714284;['agree']
488;77;91;same_baseliens;3.75;['popularity', 'com', 'agree']
489;77;94;same_baseliens;2.727272727272727;['game', 'sigr', 'agree']
490;77;96;same_baseliens;3.333333333333333;['popularity', 'com', 'agree']
491;77;97;same_baseliens;1.25;['com']
492;77;98;same_baseliens;1.1111111111111112;['com']
493;77;100;same_baseliens;3.0;['game', 'com', 'agree']
494;77;103;same_baseliens;1.25;['agree']
495;77;104;same_baseliens;3.75;['popularity', 'com', 'agree']
496;77;105;same_baseliens;2.8571428571428568;['popularity', 'agree']
497;77;108;same_baseliens;4.285714285714286;['popularity', 'sigr', 'agree']
498;77;111;same_baseliens;2.5;['groupsa', 'sigr']
499;77;117;same_baseliens;0.7142857142857142;['com']
500;77;122;same_baseliens;1.25;['com']
501;77;124;same_baseliens;1.4285714285714284;['com']
502;77;125;same_baseliens;1.25;['com']
503;77;127;same_baseliens;1.6666666666666665;['agree']
504;77;128;same_baseliens;1.25;['agree']
505;77;136;same_baseliens;1.4285714285714284;['com']
506;78;81;same_baseliens;1.4285714285714284;['agree']
507;78;82;same_baseliens;2.727272727272727;['indivrs-groups-data', 'com', 'agree']
508;78;83;same_baseliens;1.1111111111111112;['agree']
509;78;84;same_baseliens;3.333333333333333;['indivrs-groups-data', 'agree', 'mosan']
510;78;86;same_baseliens;1.6666666666666665;['mosan']
511;78;89;same_baseliens;1.4285714285714284;['agree']
512;78;91;same_baseliens;3.75;['indivrs-groups-data', 'com', 'agree']
513;78;94;same_baseliens;2.727272727272727;['agree', 'game', 'mosan']
514;78;96;same_baseliens;5.0;['indivrs-groups-data', 'agree', 'com', 'mosan']
515;78;97;same_baseliens;2.8571428571428568;['com', 'mosan']
516;78;98;same_baseliens;2.5;['com', 'mosan']
517;78;100;same_baseliens;3.0;['game', 'com', 'agree']
518;78;103;same_baseliens;2.8571428571428568;['mosan', 'agree']
519;78;104;same_baseliens;3.75;['agree', 'com', 'mosan']
520;78;105;same_baseliens;2.8571428571428568;['agree', 'mosan']
521;78;108;same_baseliens;2.5;['indivrs-groups-data', 'agree']
522;78;117;same_baseliens;0.7142857142857142;['com']
523;78;122;same_baseliens;1.25;['com']
524;78;124;same_baseliens;1.4285714285714284;['com']
525;78;125;same_baseliens;1.25;['com']
526;78;127;same_baseliens;1.6666666666666665;['agree']
527;78;128;same_baseliens;5.0;['indivrs-groups-data', 'mosan', 'agree']
528;78;136;same_baseliens;1.4285714285714284;['com']
529;79;87;same_baseliens;3.333333333333333;['spgreedy', 'gfar', 'greedylm']
530;79;88;same_baseliens;8.571428571428571;['fuzzda', 'spgreedy', 'gfar', 'greedylm', 'xpo', 'ep-fuzzda']
531;79;93;same_baseliens;1.25;['greedylm']
532;79;117;same_baseliens;0.6666666666666666;['greedylm']
533;79;120;same_baseliens;1.25;['fai']
534;79;121;same_baseliens;1.1111111111111112;['spgreedy']
535;81;82;same_baseliens;2.5;['popularity', 'agree']
536;81;83;same_baseliens;2.0;['agree']
537;81;84;same_baseliens;3.333333333333333;['popularity', 'agree']
538;81;89;same_baseliens;3.333333333333333;['agree']
539;81;91;same_baseliens;4.0;['popularity', 'agree']
540;81;94;same_baseliens;1.1111111111111112;['agree']
541;81;96;same_baseliens;3.333333333333333;['popularity', 'agree']
542;81;100;same_baseliens;1.25;['agree']
543;81;103;same_baseliens;2.5;['agree']
544;81;104;same_baseliens;4.0;['popularity', 'agree']
545;81;105;same_baseliens;6.666666666666666;['popularity', 'agree']
546;81;108;same_baseliens;5.0;['popularity', 'agree']
547;81;127;same_baseliens;5.0;['agree']
548;81;128;same_baseliens;2.5;['agree']
549;82;83;same_baseliens;3.333333333333333;['sigr', 'groupim', 'agree']
550;82;84;same_baseliens;5.555555555555555;['indivrs-groups-data', 'agree', 'sigr', 'popularity', 'groupim']
551;82;89;same_baseliens;1.1111111111111112;['agree']
552;82;91;same_baseliens;4.444444444444445;['indivrs-groups-data', 'popularity', 'com', 'agree']
553;82;94;same_baseliens;2.307692307692308;['sigr', 'groupim', 'agree']
554;82;96;same_baseliens;4.0;['indivrs-groups-data', 'popularity', 'com', 'agree']
555;82;97;same_baseliens;2.2222222222222223;['com', 'pit']
556;82;98;same_baseliens;0.9090909090909092;['com']
557;82;100;same_baseliens;2.5;['com', 'pit', 'agree']
558;82;103;same_baseliens;1.0;['agree']
559;82;104;same_baseliens;3.0;['popularity', 'com', 'agree']
560;82;105;same_baseliens;2.2222222222222223;['popularity', 'agree']
561;82;108;same_baseliens;5.0;['indivrs-groups-data', 'popularity', 'sigr', 'agree']
562;82;111;same_baseliens;2.0;['groupsa', 'sigr']
563;82;117;same_baseliens;0.625;['com']
564;82;122;same_baseliens;2.2222222222222223;['com', 'pit']
565;82;124;same_baseliens;1.1111111111111112;['com']
566;82;125;same_baseliens;1.0;['com']
567;82;127;same_baseliens;1.25;['agree']
568;82;128;same_baseliens;2.2222222222222223;['indivrs-groups-data', 'agree']
569;82;136;same_baseliens;1.1111111111111112;['com']
570;83;84;same_baseliens;4.285714285714286;['sigr', 'groupim', 'agree']
571;83;89;same_baseliens;2.0;['agree']
572;83;91;same_baseliens;1.25;['agree']
573;83;94;same_baseliens;3.333333333333333;['sigr', 'groupim', 'agree']
574;83;96;same_baseliens;1.1111111111111112;['agree']
575;83;100;same_baseliens;2.2222222222222223;['cagr', 'agree']
576;83;103;same_baseliens;1.6666666666666665;['agree']
577;83;104;same_baseliens;1.25;['agree']
578;83;105;same_baseliens;1.6666666666666665;['agree']
579;83;108;same_baseliens;3.333333333333333;['sigr', 'agree']
580;83;111;same_baseliens;1.4285714285714284;['sigr']
581;83;127;same_baseliens;2.5;['agree']
582;83;128;same_baseliens;1.6666666666666665;['agree']
583;84;86;same_baseliens;1.6666666666666665;['mosan']
584;84;89;same_baseliens;1.4285714285714284;['agree']
585;84;91;same_baseliens;3.75;['indivrs-groups-data', 'popularity', 'agree']
586;84;94;same_baseliens;4.0;['agree', 'sigr', 'groupim', 'mosan']
587;84;96;same_baseliens;5.0;['indivrs-groups-data', 'agree', 'popularity', 'mosan']
588;84;97;same_baseliens;1.25;['mosan']
589;84;98;same_baseliens;1.1111111111111112;['mosan']
590;84;100;same_baseliens;0.8333333333333333;['agree']
591;84;103;same_baseliens;2.8571428571428568;['mosan', 'agree']
592;84;104;same_baseliens;3.75;['agree', 'popularity', 'mosan']
593;84;105;same_baseliens;5.0;['agree', 'popularity', 'mosan']
594;84;108;same_baseliens;6.666666666666666;['indivrs-groups-data', 'popularity', 'sigr', 'agree']
595;84;111;same_baseliens;1.1111111111111112;['sigr']
596;84;127;same_baseliens;1.6666666666666665;['agree']
597;84;128;same_baseliens;5.0;['indivrs-groups-data', 'mosan', 'agree']
598;86;94;same_baseliens;1.25;['mosan']
599;86;96;same_baseliens;1.6666666666666665;['mosan']
600;86;97;same_baseliens;3.333333333333333;['mosan']
601;86;98;same_baseliens;2.5;['mosan']
602;86;103;same_baseliens;3.333333333333333;['mosan']
603;86;104;same_baseliens;2.0;['mosan']
604;86;105;same_baseliens;3.333333333333333;['mosan']
605;86;128;same_baseliens;3.333333333333333;['mosan']
606;87;88;same_baseliens;3.75;['spgreedy', 'gfar', 'greedylm']
607;87;93;same_baseliens;1.6666666666666665;['greedylm']
608;87;117;same_baseliens;2.727272727272727;['efgreedy', 'greedylm', 'greedyvar']
609;87;121;same_baseliens;6.0;['spgreedy', 'efgreedy', 'greedyvar']
610;88;93;same_baseliens;1.4285714285714284;['greedylm']
611;88;117;same_baseliens;0.7142857142857142;['greedylm']
612;88;121;same_baseliens;1.25;['spgreedy']
613;89;91;same_baseliens;1.6666666666666665;['agree']
614;89;94;same_baseliens;1.1111111111111112;['agree']
615;89;96;same_baseliens;1.4285714285714284;['agree']
616;89;100;same_baseliens;1.25;['agree']
617;89;102;same_baseliens;5.0;['profile-aggregation']
618;89;103;same_baseliens;2.5;['agree']
619;89;104;same_baseliens;1.6666666666666665;['agree']
620;89;105;same_baseliens;2.5;['agree']
621;89;108;same_baseliens;2.0;['agree']
622;89;113;same_baseliens;3.333333333333333;['profile-aggregation']
623;89;120;same_baseliens;3.333333333333333;['profile-aggregation']
624;89;122;same_baseliens;2.5;['profile-aggregation']
625;89;127;same_baseliens;5.0;['agree']
626;89;128;same_baseliens;2.5;['agree']
627;91;94;same_baseliens;0.8333333333333333;['agree']
628;91;96;same_baseliens;8.333333333333334;['indivrs-groups-data', 'agree', 'popularity', 'soagree', 'com']
629;91;97;same_baseliens;1.4285714285714284;['com']
630;91;98;same_baseliens;1.25;['com']
631;91;100;same_baseliens;3.333333333333333;['soagree', 'com', 'agree']
632;91;103;same_baseliens;1.4285714285714284;['agree']
633;91;104;same_baseliens;4.285714285714286;['popularity', 'com', 'agree']
634;91;105;same_baseliens;3.333333333333333;['popularity', 'agree']
635;91;108;same_baseliens;5.0;['indivrs-groups-data', 'popularity', 'agree']
636;91;117;same_baseliens;0.7692307692307693;['com']
637;91;122;same_baseliens;1.4285714285714284;['com']
638;91;124;same_baseliens;1.6666666666666665;['com']
639;91;125;same_baseliens;1.4285714285714284;['com']
640;91;127;same_baseliens;2.0;['agree']
641;91;128;same_baseliens;3.333333333333333;['indivrs-groups-data', 'agree']
642;91;136;same_baseliens;1.6666666666666665;['com']
643;93;117;same_baseliens;1.0;['greedylm']
644;94;96;same_baseliens;1.6666666666666665;['agree', 'mosan']
645;94;97;same_baseliens;1.0;['mosan']
646;94;98;same_baseliens;0.9090909090909092;['mosan']
647;94;100;same_baseliens;1.5384615384615385;['game', 'agree']
648;94;103;same_baseliens;2.2222222222222223;['mosan', 'agree']
649;94;104;same_baseliens;1.8181818181818183;['agree', 'mosan']
650;94;105;same_baseliens;2.2222222222222223;['agree', 'mosan']
651;94;108;same_baseliens;2.0;['sigr', 'agree']
652;94;111;same_baseliens;0.9090909090909092;['sigr']
653;94;127;same_baseliens;1.25;['agree']
654;94;128;same_baseliens;2.2222222222222223;['mosan', 'agree']
655;95;99;same_baseliens;5.0;['infl']
656;96;97;same_baseliens;2.8571428571428568;['com', 'mosan']
657;96;98;same_baseliens;2.5;['com', 'mosan']
658;96;100;same_baseliens;3.0;['soagree', 'com', 'agree']
659;96;103;same_baseliens;2.8571428571428568;['mosan', 'agree']
660;96;104;same_baseliens;5.7142857142857135;['agree', 'popularity', 'com', 'mosan']
661;96;105;same_baseliens;5.0;['agree', 'popularity', 'mosan']
662;96;108;same_baseliens;4.285714285714286;['indivrs-groups-data', 'popularity', 'agree']
663;96;117;same_baseliens;0.7142857142857142;['com']
664;96;122;same_baseliens;1.25;['com']
665;96;124;same_baseliens;1.4285714285714284;['com']
666;96;125;same_baseliens;1.25;['com']
667;96;127;same_baseliens;1.6666666666666665;['agree']
668;96;128;same_baseliens;5.0;['indivrs-groups-data', 'mosan', 'agree']
669;96;136;same_baseliens;1.4285714285714284;['com']
670;97;98;same_baseliens;4.0;['com', 'mosan']
671;97;100;same_baseliens;2.5;['com', 'pit']
672;97;103;same_baseliens;2.0;['mosan']
673;97;104;same_baseliens;3.333333333333333;['com', 'mosan']
674;97;105;same_baseliens;2.0;['mosan']
675;97;117;same_baseliens;0.9090909090909092;['com']
676;97;122;same_baseliens;5.0;['com', 'pit']
677;97;124;same_baseliens;2.5;['com']
678;97;125;same_baseliens;2.0;['com']
679;97;128;same_baseliens;2.0;['mosan']
680;97;136;same_baseliens;2.5;['com']
681;98;100;same_baseliens;2.2222222222222223;['hbgg', 'com']
682;98;103;same_baseliens;1.6666666666666665;['mosan']
683;98;104;same_baseliens;2.8571428571428568;['com', 'mosan']
684;98;105;same_baseliens;1.6666666666666665;['mosan']
685;98;117;same_baseliens;0.8333333333333333;['com']
686;98;122;same_baseliens;1.6666666666666665;['com']
687;98;124;same_baseliens;5.0;['hbgg', 'com']
688;98;125;same_baseliens;4.0;['hbgg', 'com']
689;98;128;same_baseliens;1.6666666666666665;['mosan']
690;98;136;same_baseliens;5.0;['hbgg', 'com']
691;100;103;same_baseliens;1.1111111111111112;['agree']
692;100;104;same_baseliens;2.0;['com', 'agree']
693;100;105;same_baseliens;1.1111111111111112;['agree']
694;100;108;same_baseliens;1.0;['agree']
695;100;117;same_baseliens;0.6666666666666666;['com']
696;100;122;same_baseliens;2.5;['com', 'pit']
697;100;124;same_baseliens;2.8571428571428568;['hbgg', 'com']
698;100;125;same_baseliens;2.5;['hbgg', 'com']
699;100;127;same_baseliens;1.4285714285714284;['agree']
700;100;128;same_baseliens;1.1111111111111112;['agree']
701;100;136;same_baseliens;2.8571428571428568;['hbgg', 'com']
702;102;113;same_baseliens;5.0;['profile-aggregation']
703;102;120;same_baseliens;5.0;['profile-aggregation']
704;102;122;same_baseliens;3.333333333333333;['profile-aggregation']
705;103;104;same_baseliens;3.333333333333333;['mosan', 'agree']
706;103;105;same_baseliens;5.0;['agree', 'mosan']
707;103;108;same_baseliens;1.6666666666666665;['agree']
708;103;127;same_baseliens;3.333333333333333;['agree']
709;103;128;same_baseliens;5.0;['mosan', 'agree']
710;104;105;same_baseliens;6.0;['agree', 'popularity', 'mosan']
711;104;108;same_baseliens;2.8571428571428568;['popularity', 'agree']
712;104;117;same_baseliens;1.6666666666666665;['crowdrec', 'com']
713;104;122;same_baseliens;1.4285714285714284;['com']
714;104;124;same_baseliens;1.6666666666666665;['com']
715;104;125;same_baseliens;1.4285714285714284;['com']
716;104;127;same_baseliens;2.0;['agree']
717;104;128;same_baseliens;3.333333333333333;['mosan', 'agree']
718;104;136;same_baseliens;1.6666666666666665;['com']
719;105;108;same_baseliens;4.0;['popularity', 'agree']
720;105;127;same_baseliens;3.333333333333333;['agree']
721;105;128;same_baseliens;5.0;['mosan', 'agree']
722;108;111;same_baseliens;1.4285714285714284;['sigr']
723;108;127;same_baseliens;2.5;['agree']
724;108;128;same_baseliens;4.0;['indivrs-groups-data', 'agree']
725;113;120;same_baseliens;3.333333333333333;['profile-aggregation']
726;113;122;same_baseliens;2.5;['profile-aggregation']
727;117;118;same_baseliens;1.1111111111111112;['trust-based']
728;117;121;same_baseliens;2.0;['efgreedy', 'greedyvar']
729;117;122;same_baseliens;0.9090909090909092;['com']
730;117;124;same_baseliens;1.0;['com']
731;117;125;same_baseliens;0.9090909090909092;['com']
732;117;136;same_baseliens;1.0;['com']
733;120;122;same_baseliens;2.5;['profile-aggregation']
734;122;124;same_baseliens;2.5;['com']
735;122;125;same_baseliens;2.0;['com']
736;122;136;same_baseliens;2.5;['com']
737;124;125;same_baseliens;6.666666666666666;['hbgg', 'com']
738;124;136;same_baseliens;10.0;['hbgg', 'com']
739;125;136;same_baseliens;6.666666666666666;['hbgg', 'com']
740;127;128;same_baseliens;3.333333333333333;['agree']
